author,title,user_profile_link,likes,comments,collect,hot_score,collection_score,related_score,minority
游苏（射手教学）,运营节奏！2200分马可教学！对线国50守约！从逆风六分钟投降到拿到节奏 一波二打五带飞队友！,https://www.douyin.com/user/MS4wLjABAAAAYIsHZvF0rgXnAsQcjBj52QXrAGrHV_yOPv5oczpJ66XgHteI_Zpyr4lxmE8L8RNO,46383,1369,1333,0.003482818603515625,0.006984710693359375,0.0007014274597167969,0
惊心动魄,丧彪开车确实快，当然建议中午坐因为早晚要出事#速度与激情 #狂飙 #第一视角  #这车技没谁了 #开车第一视角,https://www.douyin.com/user/MS4wLjABAAAA-CRz7V5P8wpdIoClYXZA2Pn_h8vQAjP6_W1FywZB9K4,12018,994,2496,0.0012845993041992188,0.00133514404296875,0.0004305839538574219,0
大表哥小飞哥（精品甲鱼）,花1000元包下荒废的甲鱼塘，最后竟然发现20斤重的大甲鱼？#抖音新农人 #真实户外 #户外抓鱼 #甲鱼 #小飞哥,https://www.douyin.com/user/MS4wLjABAAAA2LJEq8K_HbwGSI6sHnxZCS7BIyQKxKsIlbMtLAQYP24,27797,518,9734,0.00254058837890625,0.01090240478515625,0.0008864402770996094,0
战史解密,三个小孩停车场玩耍，女司机开车打电话，竟从孩子身上碾压过去 #交通安全 #警事 #汽车安全 ,https://www.douyin.com/user/MS4wLjABAAAAr0OGoPXF90KLv__yZkcSo9KIHNu8D9fgponQ6hDENyX01gbap6ykt-A86W9CSeh-,2380,571,695,0.00260162353515625,0.0024433135986328125,0.0007948875427246094,0
杆哥（国服芈月）,边惩芈月对线吕布全程教学 #芈月教学 #边惩芈月,https://www.douyin.com/user/MS4wLjABAAAAkkq051E4yD7pUewXK7Tcm228qPqYl3Jwp0fvFBaKj04,28357,1981,1480,0.0025501251220703125,0.0025615692138671875,0.0006589889526367188,0
柯冉,左右手都得会#zooparty,https://www.douyin.com/user/MS4wLjABAAAAHaDVlm-fv1zflVhSAbPbZllT2xv5Ms_r8DcX9erSByc,387821,8794,15992,0.0018243789672851562,0.011505126953125,0.0005955696105957031,0
一哥影视（收徒中）,古惑仔之乌鸦名场面#古惑仔 #经典港片,https://www.douyin.com/user/MS4wLjABAAAAOtq3JibSZb1OiB9sHxpRn1Kptnr2wkrDch16nQ-GOnE,105158,137,6353,0.0011510848999023438,0.00498199462890625,0.0004565715789794922,0
南泽（最土鸡刘备）,"我真1700 全局无剪辑
#南泽 #野区陈浩南",https://www.douyin.com/user/MS4wLjABAAAA0RQyTPZ9pRtT-MaLe79hfVfbkAiBEO43b1I6vB5hDp8jXZRGviXwsZXBIQvXv1i0,252150,5324,4988,0.00206756591796875,0.00579833984375,0.0004992485046386719,0
狂飙兄弟,"广东一带餐具费你怎么看？#餐具收费 
#抖音商城双12 #抖音商城双12好物节",https://www.douyin.com/user/MS4wLjABAAAAmh7iSAAqIp_JDTVOnm6SeZrtkicnSeRSjXFur9q1Jp6bWiiL1BtlTDij2V3OJZW_,215706,49948,9377,0.0008168220520019531,0.0004820823669433594,0.0002868175506591797,0
怪雨漫说,男主只是摘下戒指，人族最强的屠龙者直接跪了！ #动漫解说  #动漫推荐 ,https://www.douyin.com/user/MS4wLjABAAAAIpIDDt-rF0zripIkorsGyPPwnqOd8mf9CKH4Q7vgfMs,68935,781,16424,0.0009255409240722656,0.00400543212890625,0.0005297660827636719,0
桃厂网络电影,毒驾其实比酒驾要危险万倍！ #破冰,https://www.douyin.com/user/MS4wLjABAAAAlH1EFgpb6F4dLuWrG7iFzF1hv0AX47jnkMCLlNs7h1Q,1462,207,194,0.00023055076599121094,0.0041656494140625,0.0006642341613769531,0
王者荣耀夏夜,当巅峰第一，第二，第八同队时，会有怎样精彩对决！#巅峰赛 #小七 #北慕 #沐沐 #王者,https://www.douyin.com/user/MS4wLjABAAAAK0dU0QkqVuqHNrGfQw8Gy-yAnZAVwNgg1fAW1grscAA4shZ03i0qwrBdPyon6EYE,25143,4627,2288,0.0023593902587890625,0.0015363693237304688,0.00018525123596191406,0
姜十七,闺蜜拿我的照片给我谈了个大帅哥？我真的爱死她了！#松下小方盒剃须刀#超心动圣诞礼盒#松下超级品牌日#抖音商城超级品牌日,https://www.douyin.com/user/MS4wLjABAAAAjVocn5B2KaVZX7O3N4CJxPXlHAFVFkBpMIRs99SJ6KYQZnCsJ2L3LOFjvgj9xuaD,636414,20613,39244,0.0006070137023925781,0.00022518634796142578,0.0008592605590820312,0
足球之家（一剪到底）,悬念拉满，欧冠死亡之组，大巴黎惊险晋级 #足球 #欧冠 #大巴黎 #多特蒙德,https://www.douyin.com/user/MS4wLjABAAAAM0PAT7Egg1e6KKkmpNXPHoo53ul1BSP_c5GAo-o88D-tkIh__vQAmO5s48iYj4BA,17548,743,891,0.0008759498596191406,0.00392913818359375,0.0007266998291015625,0
kill,如果周围太喧嚣 那就努力向前跑,https://www.douyin.com/user/MS4wLjABAAAAnUJoi9V8oYOkOCgsJoCra2iWyUTKHURg4ISj8i2zzvqbi-uMHCofufbbqs2rT9-K,16208,1778,423,0.003185272216796875,0.006877899169921875,0.0008559226989746094,0
表哥Vlog有塘的地方有梦想,#大表哥抓鱼vlog,https://www.douyin.com/user/MS4wLjABAAAAjWN4jdwvuXSVM4MOjLxXMiBh0Rxho5OkQ0pFG05KS9Y,14874,240,4556,0.003063201904296875,0.01262664794921875,0.0009288787841796875,0
一人一首成名曲,"当火车开入这座陌生的城市, 感动多少在外漂泊的人#有没有人告诉你 #音乐 #经典老歌",https://www.douyin.com/user/MS4wLjABAAAALUbbOBe3NIDAiAxTisbA2haxWM8tF1X56159zGhFipX-o6k7SqxzZvn8JSjv1GHg,15644,722,5638,0.0008134841918945312,0.0009326934814453125,0.00036263465881347656,0
木兰说电影,全天下最荒谬的赌局：农村小伙vs黑道皇帝！智斗神片《噬谎者》02#影视解说 #我的观影报告 #宅家dou剧场,https://www.douyin.com/user/MS4wLjABAAAAsAUwWDHWKlF1glP2WEsDBQMEeQy3h_gwl-ziYXmr91UG7eNrBqzbDM1puIZcM_C-,45972,539,8028,0.00133514404296875,0.0079345703125,0.0009698867797851562,0
霉叔说剧,张作霖杀人立威，完美诠释：什么叫人不狠站不稳！ #少帅 #电视剧解说 #历史,https://www.douyin.com/user/MS4wLjABAAAA_XeLTg3z8PxFPih4YIqZ2vaOlVFjI_j0rY5q2iUxZD_9Za3J1iEtF7TBvaDvuuJ3,3408,41,492,0.0009698867797851562,0.0023975372314453125,0.00045299530029296875,0
山卡拉小妹,莫做生意精，赔了夫人又折兵 #缺斤少两 #一山更比一山高 #农村原创搞笑段子 #社会百态 #农村原创视频,https://www.douyin.com/user/MS4wLjABAAAAz3-dmfm82yl61bC36f42YHzf3NDyUHfTTiiNzCeCghWMos1HBmkei3_ZfCmdH_-H,28565,381,11640,0.001483917236328125,0.0020751953125,0.0004172325134277344,1
coke老师,"颜值担当 技术高超的小猫老师，爱了么？
#火影忍者手游",https://www.douyin.com/user/MS4wLjABAAAApjuAIdCsh1P9bZz3u6ymIjMVeS4EJOZhWQA-avqqXm8,80995,4006,1491,0.0024929046630859375,0.00327301025390625,0.0006437301635742188,0
小飞哥抓鱼花絮vlog,飞哥粉丝花3000包下的鱼塘，究竟是继承亏本飞还是收获满满 #三农 #新农人计划2023 #农村生活 #抓鱼,https://www.douyin.com/user/MS4wLjABAAAAeellF1DEqB9PZOIyFCBtjjX8LGeOJpYhI1o_XAi8Oq9xrK2TLtAwmZdiR1N--kuC,9687,159,3055,0.00157928466796875,0.005138397216796875,0.0007467269897460938,0
哈哈逗你笑,盘点猝不及防的倒霉瞬间，每天一遍防止抑郁#看一遍笑一遍 #搞笑 #猝不及防 #倒霉蛋 #社死现场,https://www.douyin.com/user/MS4wLjABAAAA72C2gNFWTCNcpwjrgG6FyfUSTB7ri-mZImXr1f0OdL8,12958,773,3197,0.0011692047119140625,0.0013666152954101562,0.0004124641418457031,0
程小安,流浪男孩在山下捡到锅以后，直接回家和妹妹一起煮方便面 #我的乡野山居生活 #野外生存 #山居生活,https://www.douyin.com/user/MS4wLjABAAAARyEnk9Ms2UI0hwd7txe0UR0BnhT4RlMu_TdjY4SgOzCLIupQlCssVvr7zI_tvl3j,3808,120,923,0.0015668869018554688,0.0023975372314453125,0.0005593299865722656,0
象棋八妹,老棋王赢了就想走，没门，我一般有仇当场报！,https://www.douyin.com/user/MS4wLjABAAAACyYrl9ANdxM3rqGMMpmMvc01yog__CuU9cPakdP6fCs,12729,685,2063,0.0017824172973632812,0.0017480850219726562,0.000614166259765625,0
人民日报,现场视频！即将启程回国之际 ，习近平和夫人彭丽媛同阮富仲和夫人吴氏敏话别。,https://www.douyin.com/user/MS4wLjABAAAA8U_l6rBzmy7bcy6xOJel4v0RzoR_wfAubGPeJimN__4,355844,74,13293,0.0008296966552734375,0.00000005960464477539063,0.00005519390106201172,0
HK电影,我的规矩就是规矩！#特殊身份 #甄子丹 #安志杰 #经典港片,https://www.douyin.com/user/MS4wLjABAAAAhe84fUwakPkmbWS1CU6sXGN4ifagBg591T9DE53HEElvX4MRuTe3c2kW4JzFU-UW,44758,1581,3176,0.0017957687377929688,0.0013885498046875,0.0006880760192871094,0
七哥民间菜,今天做一道#美蛙鱼，又遭二娃两兄弟吃了耙活！#乡村守护人 #美蛙鱼火锅,https://www.douyin.com/user/MS4wLjABAAAAN_HYpf0lcAyAnaw4_o5DCx3Qumj0f4xve8ImkfT2-7o,67252,2477,12224,0.001495361328125,0.0014162063598632812,0.0005440711975097656,0
黑桃很OK•,这个舞蹈不一般 青海摇➕科目三，#科目三舞蹈 #青海摇 #丝滑小连招,https://www.douyin.com/user/MS4wLjABAAAA6w-QCSTCXJcoOfukPgyuUHKbCh9s48hPYlsRXaWGoQA,656513,26810,47767,0.0008039474487304688,0.0034160614013671875,0.0005235671997070312,0
脑残追剧,软的怕硬的，硬的怕不要命的#好剧推荐 #黑话律师 #我的观影报告 #影视解说 #新片速递,https://www.douyin.com/user/MS4wLjABAAAAp4P8pUpixxwA045JCd88Am8rQF1OKWPCfGZjUlZzl70Ku9CqyM7Yh2YPTjyN1yX1,96385,1568,26670,0.0016164779663085938,0.001995086669921875,0.0007352828979492188,0
极本鲜,每天限量1000份，印度街头热卖的辣爆方便面，连盘子都舍不得给 #街头小吃 #网红炒饭 #印度美食,https://www.douyin.com/user/MS4wLjABAAAAExxTKjvnge5GN97KyMoW1T_pPp0a_rWSi8WRN6w2UDA,7030,1090,881,0.0007948875427246094,0.0010318756103515625,0.0006823539733886719,0
小影说片,雷欧大战奥特兄弟，阿斯特拉偷走光之国的奥特钥匙#奥特曼 #雷欧奥特曼 ,https://www.douyin.com/user/MS4wLjABAAAAMEfvgz09nO0b_502Ma4FzLpuqKylL3NoMEJte7zVjsg,136012,4639,21776,0.0013561248779296875,0.005889892578125,0.0005397796630859375,0
大表哥Vlog阳光,#抖音我要上热门 #大表哥 #甲鱼,https://www.douyin.com/user/MS4wLjABAAAAeIWntIl9I_zVdBPImi5IQT5J3QU0wbLezX9zCjXmUBo,9898,222,2696,0.004608154296875,0.0083160400390625,0.0008459091186523438,0
刀郎,大大小小们：我想请个假,https://www.douyin.com/user/MS4wLjABAAAAUFzOSiuG-bOoOqu4mpk1tEle8XPMTWQwIsoMFuuNOumX7ch94DKEvu5nPUhE7rnN,2645138,280266,114411,0.0006337165832519531,0.00803375244140625,0.0002715587615966797,0
荒野求村,德爷 单挑荒野第一季#荒野求生 #单挑荒野 #野外生活纪录片 #荒岛求生 ,https://www.douyin.com/user/MS4wLjABAAAAVTGG4AdNjbsFojqKiscsdb3JqKmMltaX75Wp9ShUvSgVsQ-lo_RynCWO7KYPqHWE,60537,1485,7157,0.0020503997802734375,0.00679779052734375,0.0002846717834472656,0
骚包海伦53,海伦在干什么呢,https://www.douyin.com/user/MS4wLjABAAAAtasaMdkFP7IgdfYZtV1Pm2ttg--eEuo1IdujXCs4jdg,78855,2869,3655,0.00154876708984375,0.00591278076171875,0.0006961822509765625,0
棒哥带你开挖机,这个鱼塘我都不知道自己是怎么挖完的 #挖鱼塘 #挖挖机的日常 #挖机视角 #挖机视频大全 #钩机,https://www.douyin.com/user/MS4wLjABAAAAuj6x3KJmQ23dl8Ybop9mRctQzw-yEZAAlUIrhOCW-h3hRLuUP_pMRReG__EZ1EiS,60049,2426,5447,0.001956939697265625,0.00234222412109375,0.0006265640258789062,0
十一解说,云顶单四48杀吃鸡，离谱红点精准扫车，丝滑操作全程拉满！#和平精英 #兰博 #1v4 #和平精英天文漫游,https://www.douyin.com/user/MS4wLjABAAAAfeqV4N2ZcEDM-LiEM6K7EQP8DADYv6F53e2HEJPhGZ_0P_kTLTvZxuCAX7-py9qf,25034,617,5144,0.0021820068359375,0.005428314208984375,0.0007152557373046875,0
老炮探案,湖北襄阳：追凶十年#悬疑 #社会百态 #普法小剧场,https://www.douyin.com/user/MS4wLjABAAAAn8t9wxpr1HU0cHqdUmr4-RG4_TMhMwKyIWum9UmwcZhM7xfcMvMos23JoENNr2x0,6728,862,1353,0.00130462646484375,0.0029010772705078125,0.0002982616424560547,0
橙子柠檬茶🍋,你最喜欢哪一套？#穿搭 #身材,https://www.douyin.com/user/MS4wLjABAAAAhEmek_LQx2LZ0uWp4-WTObWDFo5hoX86_KEU9o9yr9u0dJZGcwM88nSqhskKWwpb,85934,726,13638,0.001239776611328125,0.0060272216796875,0.0009584426879882812,0
杰特先生在野外,越南胖妹捕鱼脑洞大，用火龙果制作鱼饵捕鱼，结果竟意外的好用 #打窝 #野外生存 #原始技术 #饵料窝料 #饵料,https://www.douyin.com/user/MS4wLjABAAAAKFGlYMG3zVB3VupzU5SFshtzPT6jp9Q7gK305j-XH1l26YRnElJ-7YKUWskbGjpK,3324,59,1311,0.0027256011962890625,0.00469970703125,0.0006461143493652344,0
大家都叫我东哥,没想到今天在这里遇到他#意想不到的结局 #报恩#万万没想到 #传递善良传递爱,https://www.douyin.com/user/MS4wLjABAAAAgTetPWAV7DoqtUCC7BqMRDh4DrW9wZEXwXPTAwuqc2ahmy4kDyH9Cwm9TO0Qr8_4,7665,132,2284,0.0020275115966796875,0.0030517578125,0.0008168220520019531,0
老飘讲故事,故事而已，樱花还是很美的...   #老飘讲故事,https://www.douyin.com/user/MS4wLjABAAAA3UHY69pyt7qkV1JWb3vVOtI8dn1bpqyF5jEoMkgY8jMd3XyG9_dFBeRPE_OEiWWj,25321,99,3002,0.0031719207763671875,0.012481689453125,0.0012063980102539062,0
健身房老板小赵（杠铃被压事件）,"#卧推被压 #健身 #卧推 #镇平 #南阳 
今天查找监控，偶然发现事发前一个月，小侯卧推曾出现过意外， 
/兄弟，你是真的对重量缺乏敬畏之心。
如果事后你跟我们说一声，或者我早点看到这个监控，或许就避免这种悲剧了吧。",https://www.douyin.com/user/MS4wLjABAAAApJFdQjWNUZMFYFGG0EgufKL0G1EPDi56mw4m_y4xfUw,30605,5631,1766,0.00391387939453125,0.0167236328125,0.0012493133544921875,0
水猴子兄弟,今天500块包下一个干塘，老板说里面都是大家伙，那今天不得支棱起来啊！,https://www.douyin.com/user/MS4wLjABAAAA4V82kOvCKvSf-hSBGwpWiTcbxy-L8ok8S_zylgP4b_8,219614,5488,33257,0.00279998779296875,0.0115509033203125,0.0012598037719726562,0
风火电影,学好数理化走遍天下都不怕 女学霸画斐波那契整治渣男#张若昀 #徐若晗 #好剧 #鸣龙少年 #鸣龙少年好看上头,https://www.douyin.com/user/MS4wLjABAAAADBUw-eqJDu9KJTlQ6o98PMNmlCbOPmnhLYRMup22MPRxLJphiGUhXBo3AyeJVD8r,28894,455,6911,0.0027370452880859375,0.00891876220703125,0.00075531005859375,0
智造社,老摩托重获新生！小伙翻新老摩托，再现威风凛凛的风范 #翻新  #高手在民间  #手艺人,https://www.douyin.com/user/MS4wLjABAAAAOpdqnGwVvpJSJ-2lNK3LuFOjJHWGkWxslNvwa8hQ0uc,6361,277,1315,0.00734710693359375,0.0328369140625,0.0024051666259765625,0
暖她一整天,对不起爷爷😭,https://www.douyin.com/user/MS4wLjABAAAAAdDumRTcwDt91jmUgRoRbAjw5MjOUGfcf_uSCSehsYQ,49809,2128,1466,0.00345611572265625,0.007549285888671875,0.00130462646484375,0
铁根er,《这位更是重量级》,https://www.douyin.com/user/MS4wLjABAAAABJdAjMrTWzSi0Tj5LQBYAOsynrbKvnzmYS7UjDqnRoKv0trIgXTzVLKQ3I74Mpfc,77611,2270,2190,0.0024242401123046875,0.0110321044921875,0.0007042884826660156,0
癫仔李小志,正能量短剧1之大水冲了龙王庙 #乡村喜剧 #农村短剧原创 #微电影,https://www.douyin.com/user/MS4wLjABAAAAZjD6BPHXtU0hJ2RG3Y7M6qMJ0rZKkkvjbOdSA77cc20,38687,581,15824,0.001495361328125,0.0004546642303466797,0.00034737586975097656,0
乡村小表弟,收回来的黄豆个头饱满，今天煮个黄豆吃，干了三碗饭@乡村小婉 #我的乡村美食#黄豆 #农村美食 #新农人计划2023 #农村生活,https://www.douyin.com/user/MS4wLjABAAAAjeKpm_mz-xVE71hstcrNyDvbWmPPtO2ONU6ZCFXHM-QprqvtS4R3HzoMxhYVVYUJ,28180,7322,6848,0.001056671142578125,0.002521514892578125,0.0005421638488769531,0
毛驴小五郎,"蛇蝎人妻，把丈夫抛尸地窖
若不是情人被其淫威吓到，此案可能会永远沉寂
#真实案件改编 #真实故事 #案件解说",https://www.douyin.com/user/MS4wLjABAAAA30-P3ePmXbwlUSyZZuBnzse4jSdl73m-BYHbw8rp9cQ,4724,304,2084,0.001506805419921875,0.0037212371826171875,0.0004565715789794922,0
天王追剧,最火爆的韩国恋综全新上映 #单身即地狱第三季 #恋综,https://www.douyin.com/user/MS4wLjABAAAA3HyIgnzQJNSwe-rozfXm_cPf50bEPfouUlk6wlPQcQEgijzHyTzj6zAt6s0KRaXz,11835,500,2328,0.0005550384521484375,0.00243377685546875,0.0006589889526367188,0
野钓长空,钓鱼佬就这样，平淡中又有点小期待#钓鱼 #钓鱼人 #老坛维它米 ,https://www.douyin.com/user/MS4wLjABAAAAWSRKsUwdEJsj8Y-EVCcO2rG1KyoxHUWx30d-ZeACntE,16908,1306,560,0.00250244140625,0.0020580291748046875,0.0007014274597167969,0
亦橙影视,湾仔枪神的称号让嚣张的生番听了都害怕。#经典港片 #郑伊健 #陈小春,https://www.douyin.com/user/MS4wLjABAAAAyEsBwgZNuca6Ivg1ZuauzsAITl55z-BQiMjAHgzmFyU,4107,383,311,0.0023784637451171875,0.00955963134765625,0.0007977485656738281,0
晚安驴宝,#普法小剧场  #出租车,https://www.douyin.com/user/MS4wLjABAAAAT6RyHAwAvgGHca9oKzAJfrcJsJGs9TKJQ5se65nR1eFN_C1BMH2C7kIR4LwNPmr-,3064,536,414,0.00131988525390625,0.0029582977294921875,0.0004029273986816406,0
搞笑合集,校运会社死瞬间 换一个星球生活吧 #看一遍笑一遍 #运动会 #社死现场 #运动会名场面 #校园社死现场,https://www.douyin.com/user/MS4wLjABAAAASbMnpMaHjLjDbBboZfza2yo0VRdE3RGQ3htOMAXRfB7ot_jpe2pBP43rjfgmou56,456929,44199,48304,0.0006117820739746094,0.0012254714965820312,0.0007824897766113281,0
傻瓜象棋,象棋，史上最邪门的沿河72打，斩尽杀绝#象棋直播 #中国象棋 #象棋 #喜欢象棋关注我 #下棋 ,https://www.douyin.com/user/MS4wLjABAAAAmCmsmLaZ6S_bhRWVpXQjpadxkjcA-o2Q6dSR9xrAO97wz1nMiVPTAaQifWrlsPV_,10841,602,5634,0.0020751953125,0.00734710693359375,0.0006313323974609375,0
卡蜜尔,,https://www.douyin.com/user/MS4wLjABAAAAWh6G0HQZ6_z0s2LEwTZW8KC1qzStM8Z-acrMaYdgxfYJm4ztqK7WgTguMCBCQ2tY,127229,1757,9439,0.0015916824340820312,0.00919342041015625,0.0008263587951660156,0
木安说动漫,“真人觉醒黑闪 虎杖最铁的兄弟东堂闪亮登场” #动漫解说 #这个视频破次元 #充能计划 #咒术回战,https://www.douyin.com/user/MS4wLjABAAAAac4yMAmgDe3eYvI3mwoFfg6W_-bNTvuc5YsAGoo-yaA,102749,1965,10324,0.001949310302734375,0.0037078857421875,0.00031495094299316406,0
玖月侃剧,塔寨1.5吨货被查 塔寨面临前所未有危机 #刑侦  #好剧推荐  #我的观影报告 ,https://www.douyin.com/user/MS4wLjABAAAAAXz7y_ddDOrjZFT_6U6de0hy4eHDc7bD2KzM3093wY4,20384,231,2772,0.0011157989501953125,0.00250244140625,0.00046563148498535156,0
欢乐喜剧人,文松宋晓峰大闹舞台，拉都拉不开，场面太热闹。#搞笑 #爆笑 #专治不开心 #欢乐喜剧人 #哈哈哈娱乐一下😂😂😂,https://www.douyin.com/user/MS4wLjABAAAAX01EIbrLJ0t2GUFHoUCSy5dTay31pYChAKanzUPj1Sc,83467,1630,10680,0.0010404586791992188,0.0011339187622070312,0.0005397796630859375,0
格斗会,韩国恶女当众暴打中国姑娘，张伟丽杀入韩国找她算账，乱拳打废她,https://www.douyin.com/user/MS4wLjABAAAAnFBGznsetyKgm8UmzbyI_K5dTXy9t_jmkTDRdz2zIHQhdMv9qI6iZMUp78gp05CL,9326,138,1439,0.0016231536865234375,0.0041351318359375,0.0004711151123046875,0
红颜剧场,国士无双 #天桥短剧,https://www.douyin.com/user/MS4wLjABAAAAgzuAf1vvL5ovUldhplXszVpRjrkdg37g95AgiPQk-o1nqtK7z9OzVYiHUf0STjKx,18034,248,5979,0.0017414093017578125,0.01525115966796875,0.002620697021484375,0
闲不住的阿俊,#这东北你就去吧 带父母来东北旅行，这路途虽冷，但真的很暖人心，我们感受到了北方人似火的热情与融洽～,https://www.douyin.com/user/MS4wLjABAAAAscWzqwRyaul4ixlQELVh_4W19DfXPU2H0A7wEvEJ42s,429600,24676,13701,0.0001609325408935547,0.0002453327178955078,0.00006014108657836914,0
奇闻调查室,中国最强九大悍匪，各个手段毒辣凶残，白宝山也只能垫底！ #悍匪  #普法  #盘点 ,https://www.douyin.com/user/MS4wLjABAAAAdJR4NDfY70TD2iVwlsz41rcqkUaKOPcoDsySajJDboFg_pid11lo0ai_ALU7meP0,2432,100,492,0.0011339187622070312,0.002216339111328125,0.00042057037353515625,0
晚安姐姐（每晚6点直播）,当晚安的三水门遇到三大区标小南，谁会更胜一筹呢？看到最后，细节博弈绝对惊艳到你！,https://www.douyin.com/user/MS4wLjABAAAAqoyHWSa28DI1dG8NFjbBWRjoj3uxdqEwrV1SGJeCVSo,101751,1266,2790,0.0032596588134765625,0.005039215087890625,0.0006880760192871094,0
驴大脑袋,四川巴中--绝望的恋人#大案纪实 #大案纪实故事,https://www.douyin.com/user/MS4wLjABAAAAPzT4aaYf_QHdrox3uwke1FFnTmigsntkAQMc2PHUKYcJSyPia8ObRYtR3SaSzf2n,20495,3085,3473,0.0008425712585449219,0.0010404586791992188,0.00023233890533447266,0
解清栋,这个视频实在是忍不住要发出去，昨天都是我做的饭，结果就让我吃白萝不，还让我拿个小盘，站着吃饭，兄弟们，你们说这公平吗？#美食vlog #解清帅 #会下厨的男人 #记录真实生活 #上得厅堂下得厨房 @解清帅 @解清栋媳妇 @卖商砼的小胖子～ @瓜子菠萝小苹果 @河北邢台寻子成功 解清帅妈妈,https://www.douyin.com/user/MS4wLjABAAAAzKI59M2EOOlX4I5-AqAyUXrc_ZLXcQpyRGiTubqWw4Y,184321,16643,8030,0.0006046295166015625,0.001674652099609375,0.0003380775451660156,0
何小凤（收徒）,#上热门 #鱼峰山公园山歌对唱 桂林秀才一来就聊得三妹成双了，高手#山歌热门推送 #现场编歌 #喜欢我们的点点关注呀。,https://www.douyin.com/user/MS4wLjABAAAACp4bL7_dhtYr6OP9PIOVMuD7CcJ0erauWaw32fjXpjmT7sTifMiafm52rzzxJkn2,60981,2684,10406,0.00206756591796875,0.0032863616943359375,0.0010366439819335938,1
浅言说剧,第1集|男子只是欠了他们20万，就被送进来碎石机碎成了渣渣，新上映的电影。#吕良伟#我的观影报告 #疾速反击,https://www.douyin.com/user/MS4wLjABAAAATguDFhp0IvFhhz5gnwQGMBdjkQgb6h3ZO-PwAbPup5Fq292b4NMbQPRoeQjqMAws,6061,63,1540,0.0014896392822265625,0.00269317626953125,0.0013456344604492188,0
茶如人生,#户外捕鱼 #真实户外,https://www.douyin.com/user/MS4wLjABAAAA-SVTm7V9Oo35osSQ_P8jfE4phHGdZ_w27-nbFXEtK9N9-Re_bR1doeFTilIv0ZqH,4541,131,1347,0.0036220550537109375,0.013275146484375,0.0014495849609375,0
胖龙的小生活,胖龙带儿子吃烩面，吃着回忆着小时候干的傻事 #烩面 ,https://www.douyin.com/user/MS4wLjABAAAASaGVcuBvGtOQl-bvN4V5GcI73rIB3kV4bl6lggGMsyI,23896,769,733,0.0013666152954101562,0.0036220550537109375,0.0005931854248046875,0
备备说历史,林冲本可以冲上城墙报仇雪恨，却因为自己的软弱错失机会！ #新水浒传 #林冲杀高俅 #豹子头林冲,https://www.douyin.com/user/MS4wLjABAAAAsSTjWfi_7ac38o33u6agq_LE0PYRrHCcRzgH_WgTdB8,9237,239,2148,0.0006070137023925781,0.0015125274658203125,0.0003769397735595703,0
黄潇（路亚钓鱼第一视角）,一镜到底盘老板。 秋冬季钓翘嘴，节奏慢一点，刷新老板的认知。#原来钓鱼才是抖音运动顶流 #在冬日阳光下钓个鱼吧,https://www.douyin.com/user/MS4wLjABAAAAi6lRJ3SGisqApcjXB1KmPQ6O55rRZiZopDWBeR1f5kY,35835,1347,11652,0.0011243820190429688,0.0005211830139160156,0.0006237030029296875,0
舌尖美食大全,叉烧包：粤式点心泰斗陈勋，展示最正宗的叉烧包做法！#舌尖上的美食 #地方特色美食 #叉烧包#寻找老广味道 #饮食文化,https://www.douyin.com/user/MS4wLjABAAAAkbKy5X25FGoJr8R_dwCWS1zC52rXbP5RyQd8u6iF1Hnge-xn-GmJ47rNPFLE1t_g,14340,496,1103,0.00075531005859375,0.0012493133544921875,0.0003542900085449219,0
老驴一笑,女孩在家中失踪，除此之外行李箱也不见了，调查发现事情没那么简单#大案纪实 #根据真实故事改编 #我的观影报告 #真实事件,https://www.douyin.com/user/MS4wLjABAAAAnkVRwOiQjJaemwu_Q-T3TBZS-8eK3M1yUULXn2z2A_4,138578,24032,15587,0.0015249252319335938,0.004756927490234375,0.00023412704467773438,0
阿白（主播精彩对局）,co老师偶遇理香#coke #理香 #火影忍者手游,https://www.douyin.com/user/MS4wLjABAAAAd25aolT8blphKKre4i_YdqA-QBkahcU2-ho2ft2c7-wRqkztldz3vn-w8CqomrwC,184736,5377,7165,0.0015010833740234375,0.003337860107421875,0.0002551078796386719,0
高清剪影员,一部尘封多年的大胆题材电影，非常值得一看~点击上方（红色按钮）可免费看完整版 #悬疑 #好剧推荐,https://www.douyin.com/user/MS4wLjABAAAAgZrKYW3RShKlmlmXE6h5fT_uXKkr0WfKNhyCMb1E7g0,17873,4676,3287,0.0015363693237304688,0.0038089752197265625,0.00051116943359375,0
荒野行动中,男人在荒野独居五年，今天又到了收获的时候了。#野外生存 #野外建造 #荒野求生,https://www.douyin.com/user/MS4wLjABAAAAYTltGaCBxGOhVtdQaquwF-TmRIi4DArM2Nb3iHR2_z1w6g4vOf9rqgjh5G6Yb_8O,10356,269,1233,0.0012159347534179688,0.003551483154296875,0.0006070137023925781,0
老牛说案,这是一次近乎完美的犯罪，看警方如何破案，缉拿真凶。#真实案件记录 #大案纪实 #刑侦纪实 #讲述大案纪实故事 #刑侦档案,https://www.douyin.com/user/MS4wLjABAAAAzzh3Rgb6XtUR-xEndDS2bzVUmWA5W-Oc7EC3sCO6V4CYywom_I38Yzo-AG_yNcJK,8499,557,1592,0.0018033981323242188,0.003185272216796875,0.0005359649658203125,0
清蒸🐟,一生一世很长 姑娘不可当真,https://www.douyin.com/user/MS4wLjABAAAAuxTA4HbwfaPzt1ndsaqDMJKfGo8ygzyL-NabSKVayf8tmfnWTBHq9agqy3LFrd7I,1789101,97749,122360,0.0008168220520019531,0.0038394927978515625,0.0006718635559082031,0
C维游戏解说,SCUM荒野求生掏空了神秘山洞，带着一车军火前往危险区域！ #游戏#游戏梦想家计划2.0 ,https://www.douyin.com/user/MS4wLjABAAAAAe4YefHiSTsdYtzT2cAYDa4fWKCB4PAVUOokrtDCIJwWQfibF3K2FZmJd05Y1cvG,270240,5773,22806,0.0015974044799804688,0.004329681396484375,0.0004992485046386719,0
熊六（坑神）,骗你的，其实那天我没开挂,https://www.douyin.com/user/MS4wLjABAAAAJy8ap1pJEUE84OAGlBa_DA04SazgHndpDiHAbjAo474,40240,4515,2339,0.0015735626220703125,0.004314422607421875,0.0006771087646484375,0
放逐大帝,蛮王41分推的思路！ #lol #蛮王 #四一分推 #偷家 #搞笑,https://www.douyin.com/user/MS4wLjABAAAA2ZDYvFjky1LpTrBgr09QXj1YNxF_5rE6Uf9b9UffK_I,25717,479,1282,0.0022335052490234375,0.0008897781372070312,0.0008559226989746094,0
海宝聊漫,049单挑收容所全体生物，096居然被秒杀#收容所 #收容物#转转,https://www.douyin.com/user/MS4wLjABAAAAHgFofR6Ja3S36rLRaphwHjYGXQFCkpa4ghNYhhIe8JbIt81KMvNbnsBzEABtIKek,89828,2222,36232,0.00206756591796875,0.007289886474609375,0.0006046295166015625,0
农村小丽,农村搞笑：美女对付奸商破烂佬。 #农村搞笑 #奸商 #破烂佬搞笑视频 #乡村搞笑视频 #美女,https://www.douyin.com/user/MS4wLjABAAAAjY0jUW_VOs3fMyTxa4pkNrlkUIL7CoHX3S-7HXeNNZPCy78AWFgPnOFM-wnSHCgu,5633,106,2411,0.0018672943115234375,0.0009622573852539062,0.0005011558532714844,0
多恩,麻麻最爱喝的酸奶饮料🥤#萌宠出道计划 #拉布拉多 #傻狗的日常 #妈呀太香了 #狗狗,https://www.douyin.com/user/MS4wLjABAAAA7Mqv3t2yqrhPjaNQkpa2ywnbwVkf5xvZx80p4QGbCxs,84490,8089,33082,0.0011339187622070312,0.005199432373046875,0.0006513595581054688,0
保安队长牛战士,湖北狠人，90后恶魔 #普法小剧场 #刑侦纪实 #大案解说,https://www.douyin.com/user/MS4wLjABAAAAuvu9DffYGsR3AuNEGZB0zW_qHmhdXAL2oNNBfcJA-yYAKhn_zWhF82Rb9tBmDFyp,13968,676,3281,0.001361846923828125,0.0012998580932617188,0.0003380775451660156,0
JOKer555555,卡塔赫纳的晚上，行人都感觉很幸福很开心的样子,https://www.douyin.com/user/MS4wLjABAAAAw0BMuL3z7PA6lMivm6BiF5V65RKdY_H1QFlc4B0FjKrwwklIIt79X9P7yNv95WBb,20109,1294,3738,0.0010862350463867188,0.00714874267578125,0.0009326934814453125,0
荒野探索号,前往无人荒岛求生，碳烤龙虾，巨型扳机鱼，肥美烤肉！ #荒野求生 #野外生存 #纪录片解说,https://www.douyin.com/user/MS4wLjABAAAA0Uz2vKrrmV2MGIgKycdJxjw_Fo7CpwNaU5hV3Zg-2zs,69947,1245,6715,0.0012111663818359375,0.01812744140625,0.00080108642578125,0
楚新钓,第二十四集：经常钓千斤大鱼的钓鱼佬们都知道，钓鱼靠的是技术 #原创动画 #钓鱼佬 #钓鱼动画,https://www.douyin.com/user/MS4wLjABAAAAShPDui4jT63haBEolNbHB-ZRj1_3MWuzuPdvB7m66MWNQP5W31lbn1lbR08KawBd,76388,1434,11811,0.0018672943115234375,0.0035800933837890625,0.0009851455688476562,0
小不溜恒,沉淀,https://www.douyin.com/user/MS4wLjABAAAAd-r_4yg3RH0mXdE2ApI7qDw9OP63F2Oa3J84xefN5ucUM-XGAyNt-UbdEYPFF_W5,18355,295,201,0.0029468536376953125,0.004848480224609375,0.0007352828979492188,0
大表哥小飞哥（酸菜鱼）,花100块在水库旁边挖泥巴，里面竟然还有那么多... #三农 #户外 #新农人计划2022,https://www.douyin.com/user/MS4wLjABAAAATHHDFqJGQ0xVvjqIhokaa7vvO6BW4J31pYONs_S0DH1AKCMK7aypRJkv3T5Km_7l,6289,136,1971,0.0029468536376953125,0.00757598876953125,0.0005617141723632812,0
过渡^,"《高 音 是 你 的 谎 言》
#百看不厌 #高音哥 #过渡的剪辑小tips",https://www.douyin.com/user/MS4wLjABAAAAocY5pjJO6D73Zx4MwFF7mHkwDPUZIEqRVGaGvDhXXog,49819,1984,2695,0.0011739730834960938,0.0006566047668457031,0.0002415180206298828,0
冷不丁说动漫,一口气看完功夫熊猫三部曲，好看到根本停不下来#功夫熊猫 #治愈系动画,https://www.douyin.com/user/MS4wLjABAAAAWAaTXkWsIEqQXJW48P5-cZ4ToP9HssrveQDYR6IJ9uKov052AKgNzBJX1iEDRdBU,24226,693,4059,0.001155853271484375,0.00313568115234375,0.0007123947143554688,0
PDX大星动画,百战水门VS宇智波斑  #火影手游 #百战水门 #宇智波 #热血 #高潮,https://www.douyin.com/user/MS4wLjABAAAA5pvUZL2FHwCSX223nA62N6ZUSk9ovAdO1bVCJv9Adt0,61580,3877,5107,0.00154876708984375,0.001201629638671875,0.0005860328674316406,0
金殿音乐,歌曲推荐‖岳云鹏《西楼儿女》#音乐分享 #每日好歌好曲分享 #歌单种草计划  #西楼儿女 #岳云鹏,https://www.douyin.com/user/MS4wLjABAAAAgCD3tdnHacqEBCU8IrvhZA0WOLfzIMpZpVuhxSaFwts,37772,4668,16642,0.0012445449829101562,0.001178741455078125,0.0005192756652832031,0
东北雨姐,起蛤蟆塘#新农人计划2023 #记录我的农村生活 #农村美食 雨姐带大家了解东北日常生活，讲述当地民俗风情！,https://www.douyin.com/user/MS4wLjABAAAATOBMmLZvb0HxbtqKDfyCIZTuglI68TaDEzgoBhswrCU,2521558,238742,144073,0.0007319450378417969,0.0018243789672851562,0.00047850608825683594,0
尘言纪事,山东兰陵：假军人擅闯公安#真实案件 #案件纪实 #普法小剧场,https://www.douyin.com/user/MS4wLjABAAAAQnXdbbMVCUzjVeLkrTgXaunIlGhjpZw82pOACzHK3LLXT0xTT78nQRHbZdATtsZx,2269,118,242,0.0016613006591796875,0.0012159347534179688,0.0003514289855957031,0
